Workbook
Name Base: #REF!
Name Beg_Bal: #REF!
Name Clean_Data: #REF!,#REF!,#REF!,#REF!,#REF!,#REF!,#REF!,#REF!,#REF!,#REF!,#REF!,#REF!,#REF!,#REF!,#REF!,#REF!,#REF!,#REF!,#REF!
Name Comp1_DOX: #REF!
Name Comp1_name: #REF!
Name Comp1_WPX: #REF!
Name Comp1_zone: #REF!
Name Comp2_DOX: #REF!
Name Comp2_name: #REF!
Name Comp2_WPX: #REF!
Name Comp2_zone: #REF!
Name Comp3_DOX: #REF!
Name Comp3_name: #REF!
Name Comp3_WPX: #REF!
Name Comp3_zone: #REF!
Name Comp4_DOX: #REF!
Name Comp4_name: #REF!
Name Comp4_WPX: #REF!
Name Comp4_zone: #REF!
Name Comp5_DOX: #REF!
Name Comp5_name: #REF!
Name Comp5_WPX: #REF!
Name Comp5_zone: #REF!
Name competitors: #REF!
Name Consolidet_Sales_by_Customer: #REF!
Name countries: #REF!
Name Data: #REF!
Name DATA_ENG: #REF!
Name DATA_RUS: #REF!
Name DATA_RUS2: #REF!
Name Database1: #REF!
Name DHL: #REF!
Name DHL_DOX_new: #REF!
Name DHL_DOX_OLD: #REF!
Name DHL_vs_Competitors: #REF!
Name DHL_WPX_new: #REF!
Name DHL_WPX_OLD: #REF!
Name dhl_wpx_old_2: #REF!
Name discount: #REF!
Name discount_percentage: #REF!
Name EC_Countries: #REF!
Name ecxrates: '[2]DOX WB'!$C$31:$G$531
Name EDOX_ships: #REF!
Name EMS: #REF!
Name End_Bal: #REF!
Name Excel_BuiltIn__FilterDatabase: #REF!
Name Extra_Pay: #REF!
Name f: '[3]new tariff'!#REF!
Name figaro: #REF!
Name finaltdd12: '[4]DOM TDD12'!#REF!
Name finaltdd9: '[2]adjusted tdd9 rates'!$B$26:$F$527
Name Full_Print: #REF!
Name gh: Scheduled_Payment+Extra_Payment
Name HEADER_ENG: #REF!
Name Header_Row: ROW(#REF!)
Name HEADER_RUS: #REF!
Name HEADER_RUS2: #REF!
Name Int: #REF!
Name Interest_Rate: #REF!
Name khg: IF(Loan_Amount*Interest_Rate*Loan_Years*Loan_Start>0,1,0)

Sheet Лист опроса
A2: На основании данных, занесенных Вами в опросный лист, будет произведен расчет тарифов на наши услуги и сформировано коммерческое предложение.
A3: Общие параметры
A4: 1 | B4: Название компании | C4: 0 | V4: FIFO (first-in-first-out) первым вошел, первым идет на отправку.
A5: 2 | B5: Регион | C5: 0 | V5: FEFO (first-expired-first-out) — при работе по этому принципу первым отправляется товар, срок годности которого выходит раньше.
A6: 3 | B6: Тип товара | C6: 0 | V6: LIFO (last-in-first-out) первым на отправку идет товар, который поступил последним.
A7: 4 | B7: С какого срока требуется предоставление складских услуг? | C7: 0 | E7: Необходимо внести информацию, где текст выделен синим шрифтом | V7: LEFO (last­-ended-first-­out): это означает «последним заканчивается — первым выходит».
A8: 5 | B8: Предполагаемый срок действия договора? | C8: 0 | V8: FPFO (first-product-first-out): «первый произведен — первый выходит».
A9: 6 | B9: Кол-во наименований продукции (артикулов), которое будет обрабатываться на складе | C9: 0 | V9: BBD (Best Before Day) указывает на приоритет в отгрузке — «рекомендуемый срок хранения» (Best Before Day не равно сроку годности товара (UBD, англ. Use By Date).
A10: 7 | B10: Кол-во артикулов на складе, обрабатываемых за расчетный период среднее в месяц | C10: 0
A11: 8 | B11: Максимальный и средний вес короба, кг | C11: 0 | D11: 0
A12: 9 | B12: Особые условия хранения | C12: 0
A13: 10 | B13: Укажите пожалуйста требуемый тип передачи данных (1-й, 2-й или 3-й - см. примечание) и наличие ЭДО | C13: 0
A14: 11 | B14: Наличие ЭДО | C14: 0 | E14: GUID
A15: 12 | B15: Ваша система учёта с которой будет настроена интеграция | C15: 0
A16: 13 | B16: Требуемый график работы склада | C16: 0
A17: Вход товара на склад
A18: 1 | B18: Информация по приходящему а/т и объему
A19: В месяц | B19: Тип а/т | C19: Кол-во а/м | E19: Среднее кол-во в 1 а/м: | H19: Размещение паллет в 2-яруса, да/нет
E20: монопаллета (1 артикул) | F20: "и" смешанных паллет | G20: "и" коробов в навал
C21: среднее | D21: макс. | E21: среднее | F21: среднее | G21: среднее
B22: ж/д контейнер 40 фут | C22: 0 | D22: 0 | E22: 0 | F22: 0 | G22: 0 | H22: 0
B23: ж/д контейнер 20 фут | C23: 0 | D23: 0 | E23: 0 | F23: 0 | G23: 0 | H23: 0
B24: до 20 т (Еврофура) | C24: 0 | D24: 0 | E24: 0 | F24: 0 | G24: 0 | H24: 0
B25: до 10 т (Маз/Камаз) | C25: 0 | D25: 0 | E25: 0 | F25: 0 | G25: 0 | H25: 0
B26: до 5 т (Зил/Газ) | C26: 0 | D26: 0 | E26: 0 | F26: 0 | G26: 0 | H26: 0
B27: до 3,5 т (Бычок) | C27: 0 | D27: 0 | E27: 0 | F27: 0 | G27: 0 | H27: 0
B28: до 1,5 т (Газель) | C28: 0 | D28: 0 | E28: 0 | F28: 0 | G28: 0 | H28: 0
B29: Всего: | C29: =SUM(C22:C28) -> 0 | D29: =SUM(D22:D28) -> 0 | E29: =SUMPRODUCT(E22:E28,$C22:$C28)/$C29 -> #DIV/0! | F29: =SUMPRODUCT(F22:F28,$C22:$C28)/$C29 -> #DIV/0! | G29: =SUMPRODUCT(G22:G28,$C22:$C28)/$C29 -> #DIV/0!
A30: 2 | B30: Тип используемой тары (поддона) , для товаров не входящих в навал | C30: EURO (120 х 80) | D30: US (120 х 120) | E30: FIN (120 х 100) | F30: Прочие (в т.ч. транспортные паллеты, негабарит, слипшиты и т.п.), указать размеры
B31: % от общего объема | C31: 0 | D31: 0 | E31: 0 | F31: 0
A32: 3 | B32: Изменение объемов обработки в течение года | C32: январь | D32: февраль | E32: март | F32: апрель | G32: май | H32: июнь | I32: июль | J32: август | K32: сентябрь | L32: октябрь | M32: ноябрь | N32: декабрь
B33: % от среднего значения (данных в анкете) | C33: 1 | D33: 1 | E33: 1 | F33: 1 | G33: 1 | H33: 1 | I33: 1 | J33: 1 | K33: 1 | L33: 1 | M33: 1 | N33: 1
A34: 4 | B34: Изменение объемов обработки в течение месяца | C34: 1 неделя | D34: 2 неделя | E34: 3 неделя | F34: 4 неделя | G34: 5 неделя
B35: % от среднего значения (данных в анкете) | C35: 0 | D35: 0 | E35: 0 | F35: 0 | G35: 0
A36: 5 | B36: Кол-во артикулов в одной машине | C36: среднее | D36: максим.
C37: 0 | D37: 0
A38: 6 | B38: Кол-во артикулов на одной смешанной паллете | C38: среднее | D38: максим.
C39: 0 | D39: 0
A40: 7 | B40: Вес одной паллеты с грузом кг | C40: среднее | D40: максим.
C41: 0 | D41: 0
A42: 8 | B42: Кол-во коробов на паллете (бочек и т.п.), ед. | C42: среднее | D42: максим.
B43: - монопаллета | C43: 0 | D43: 0
B44: - смешанная паллета | C44: 0 | D44: 0
A45: 9 | B45: Вложение в короб шт | C45: среднее | D45: максим.
C46: 0 | D46: 0
A47: 10 | B47: Минимальная единица учета и обработки товара (короб, паллета и т.п.) | C47: 0
A48: 11 | B48: Наличие серийных номеров и партий | C48: 0
A49: 12 | B49: Наличие маркировки на коробе (да/нет), в том числе штрихкод | C49: 0
A50: Хранение груза на складе
A51: 1 | B51: Требуемый объем хранения на складе
B52: - паллето места | C52: 0
B53: - м2 | C53: 0
B54: - м3 | C54: 0
B55: - общее количество мелких ячеек разных размеров | C55: 0
B56: - прочее (нестандартные грузы и т.д) | C56: 0
A57: 2 | B57: Изменение объемов хранения в течение года | C57: январь | D57: февраль | E57: март | F57: апрель | G57: май | H57: июнь | I57: июль | J57: август | K57: сентябрь | L57: октябрь | M57: ноябрь | N57: декабрь
B58: в % от среднего значения | C58: 1 | D58: 1 | E58: 1 | F58: 1 | G58: 1 | H58: 1 | I58: 1 | J58: 1 | K58: 1 | L58: 1 | M58: 1 | N58: 1
A59: 3 | B59: Высоты паллет с грузом, % от общего кол-ва | C59: до 1,28м | D59: 1,29-1,50м | E59: 1,51-1,88м | F59: 1,89 - 2,33м | G59: 2,34-2,80 м
B60: EURO (120 х 80) | C60: 0 | D60: 0 | E60: 0 | F60: 0 | G60: 0
B61: US (120 х 120) | C61: 0 | D61: 0 | E61: 0 | F61: 0 | G61: 0
B62: FIN (120 х 100) | C62: 0 | D62: 0 | E62: 0 | F62: 0 | G62: 0
B63: негабарит | C63: 0 | D63: 0 | E63: 0 | F63: 0 | G63: 0
B64: кол-во мелких ячеек (0,6м*0,4м*0,4м) | C64: 0
A65: 4 | B65: Метод подбора (учета) товара
A67: Выход товара со склада
A68: 1 | B68: Информация по отгружаемому а/т и объему
A69: В месяц | B69: Тип а/т | C69: Кол-во а/м | E69: Среднее кол-во в 1 а/м:
E70: монопаллета (1 артикул) | F70: "и" смешанных паллет | G70: "и" коробов в навал
C71: среднее | D71: макс. | E71: среднее | F71: среднее | G71: среднее
B72: ж/д контейнер 40 фут | C72: 0 | D72: 0 | E72: 0 | F72: 0 | G72: 0 | I72: Средний вход на склад в мес. (для справки)
B73: ж/д контейнер 20 фут | C73: 0 | D73: 0 | E73: 0 | F73: 0 | G73: 0 | I73: Усл. Пал. | J73: Коробов
B74: до 20 т (Еврофура) | C74: 0 | D74: 0 | E74: 0 | F74: 0 | G74: 0 | I74: =IFERROR(C29*E29+C29*F29+C29*G29/C43,"") | J74: =IFERROR(C29*E29*C43+C29*F29*C44+C29*G29,"")
B75: до 10 т (Маз/Камаз) | C75: 0 | D75: 0 | E75: 0 | F75: 0 | G75: 0
B76: до 5 т (Зил/Газ) | C76: 0 | D76: 0 | E76: 0 | F76: 0 | G76: 0 | I76: Средний выход со склада в мес. (для справки)
B77: до 3,5 т (Бычок) | C77: 0 | D77: 0 | E77: 0 | F77: 0 | G77: 0 | I77: Усл. Пал. | J77: Коробов
B78: до 1,5 т (Газель) | C78: 0 | D78: 0 | I78: =IFERROR(C79*E79+C79*F79+C79*G79/C87,"") | J78: =IFERROR(C79*E79*C43+C79*F79*C87+C79*G79,"")
B79: Всего: | C79: =SUM(C72:C78) -> 0 | D79: =SUM(D72:D78) -> 0 | E79: =SUMPRODUCT(E72:E78,$C72:$C78)/$C79 -> #DIV/0! | F79: =SUMPRODUCT(F72:F78,$C72:$C78)/$C79 -> #DIV/0! | G79: =SUMPRODUCT(G72:G78,$C72:$C78)/$C79 -> #DIV/0! | L79: =IF(ISERROR(IF((MAX(J78,J74)-MIN(J74,J78))/MAX(J78,J74)<10%,"","ОШИБКА: Вход не равен Выходу, см. Примечание"))=TRUE,"",IF((MAX(J78,J74)-MIN(J74,J78))/MAX(J78,J74)<10%,"","ОШИБКА: Вход не равен Выходу, см. Примечание"))
A80: 2 | B80: Изменение объемов обработки в течение года | C80: январь | D80: февраль | E80: март | F80: апрель | G80: май | H80: июнь | I80: июль | J80: август | K80: сентябрь | L80: октябрь | M80: ноябрь | N80: декабрь
B81: % от среднего значения (данных в анкете) | C81: 1 | D81: 1 | E81: 1 | F81: 1 | G81: 1 | H81: 1 | I81: 1 | J81: 1 | K81: 1 | L81: 1 | M81: 1 | N81: 1
A82: 3 | B82: Кол-во заказов в месяц | C82: среднее | D82: максим.
C83: 0 | D83: 0
A84: 4 | B84: Кол-во номенклатур в месяц | C84: 0 | D84: 0 | I84: Среднее количество коробов в 1 строке заказа
A85: 5 | B85: Кол-во штук в месяц | C85: 0 | D85: 0 | I85: 0
A86: 6 | B86: Кол-во коробов (бочек и т.п.) на смеш.паллете | C86: среднее | D86: максим. | I86: Среднее количество шт в 1 строке заказа
B87: ед. | C87: 0 | D87: 0 | I87: 0
A88: 7 | B88: Кол-во индивидуальных упаковок в коробе | C88: среднее | D88: максим.
B89: шт | C89: 0 | D89: 0
A90: 8 | B90: Наличие серийных номеров и т.д. Их % от объема поступления на склад | C90: 0
A91: 9 | B91: Наличие срочных заказов | C91: 0
B92: Периодичность срочных заказов | C92: 0
B93: Объем среднего заказа | C93: 0
A94: 10 | B94: Структура заказа на подбор | C94: моно паллеты (1 артикул) | D94: короба | E94: индивид. упаковки (шт. из коробов) | F94: Негабарит | G94: =IF(ISERROR(IF( ROUND(C95,1)=ROUND(C97,1),"","ОШИБКА: Подборка монопаллет не равна отгрузке"))=TRUE,"",IF( ROUND(C95,1)=ROUND(C97,1),"","ОШИБКА: Подборка монопаллет не равна отгрузке")) | I94: =IF(ISERROR(IF( ROUND(E95+D95,1)=ROUND(E97+D97,1),"","ОШИБКА: Кор/шт подборка не равна отгрузке"))=TRUE,"",IF( ROUND(E95+D95,1)=ROUND(E97+D97,1),"","ОШИБКА: Кор/шт подборка не равна отгрузке"))
B95: % от общего кол-ва | C95: 0 | D95: 0 | E95: 0 | F95: 0
B96: Структура заказа на отгрузку | C96: моно паллеты (1 артикул) | D96: смешанные паллеты | E96: короба в навал
B97: % от общего кол-ва | C97: =E79*C43/(E79*C43+F79*C87+G79) -> #DIV/0! | D97: =F79*C87/(E79*C43+F79*C87+G79) -> #DIV/0! | E97: =1-C97-D97 -> #DIV/0!
A98: Прочее
A99: 1 | B99: Какие услуги, дополнительно к складским, Вас интересуют? Переупаковка, сборка наборов, предоставление офиса и т.д.
A103: Тарифы и ценообразование
C104: Услуга | G104: Входит в состав услуги | N104: Ед.изм.
A105: 1 | B105: Тарифная сетка (выбрать необходимые услуги из списка, в столбце "Услуга") | C105: Подбор короба | G105: =IFERROR(VLOOKUP(C105,'Лист2 (2)'!$B$4:$D$31,2,0),"") -> Подбор ТМЦ - упаковка/коробка/мешок/ведро. Поиск в зоне хранения и подготовка к отгрузке по учетной системе. | N105: =IFERROR(VLOOKUP(C105,'Лист2 (2)'!$B$4:$D$31,3,0),"") -> упаковка/коробка
...

Sheet Лист2 (2)
B2: Услуга | C2: описание услуги | D2: единица измерения
B4: Выгрузка паллеты | C4: Разгрузка паллет с использованием специальных технических средств. | D4: паллетоместо
B5: Приемка монопаллеты | C5: Приемка в систему учета по номенклатуре и количеству. На одной паллете один артикул. | D5: паллетоместо
B6: Приемка смешанной паллеты | C6: Приемка коробов поступивших на паллете. На одной паллете более одного артикула. Включает снятие транспортировочного стретча, сортировку по наименованиям, приемку в систему учета по номенклатуре и количеству. | D6: упаковка/коробка
B7: Выгрузка коробов в навал | C7: Ручная выгрузка коробов (ТМЦ пришли без паллет) обмотка стретч пленкой и предоставление паллет для хранения оплачивается дополнительно, включает сортировку по наименованию | D7: упаковка/коробка
B8: Приемка коробов валом | C8: Приемка в систему учета (ТМЦ пришли без паллет и не требуют машинной обработки). | D8: упаковка/коробка
B9: Штучная приемка ТМЦ | C9: Поштучная приёмка по штрихкоду со штуки. | D9: штука
B10: ПРР механизированный, выгрузка негабаритных ТМЦ | C10: Разгрузка с использованием специальных технических средств. На одном месте один артикул. | D10: шт/м3
B11: Приемка негабаритных ТМЦ | C11: Приемка в систему учета по номенклатуре и количеству, размещение в зону хранения. На одном месте один артикул. | D11: шт/м3
B12: Подбор штук | C12: Поштучный подбор ТМЦ. Поиск в зоне хранения и подготовка к отгрузке по учетной системе без доп.упаковки. | D12: штука
B13: Подбор короба | C13: Подбор ТМЦ - упаковка/коробка/мешок/ведро. Поиск в зоне хранения и подготовка к отгрузке по учетной системе. | D13: упаковка/коробка
B14: Подбор монопаллеты | C14: Подбор ТМЦ - монопаллета Поиск в зоне хранения и подготовка к отгрузке по учетной системе. | D14: паллетоместо
... B19: ПРР механизированный, отгрузка негабаритных ТМЦ | C19: Погрузка транспортных средств с использованием специальных технических средств. | D19: шт/м3

Sheet Лист2
A1: Предоставление стандартного деревянного поддона Eur 120*80 для хранения
A2: Предоставление стандартного деревянного поддона Eur 120*80 для отгрузки товара
A3: Дополнительное вложение в короб
A4: co-packing (копакинг) - услуги по упаковке, переупаковке, нанесению стикеров и маркировке товаров
A5: Расформирование заказа
A6: Пломбирование автомобиля (пластиковая пломба)
A7: Аренда офиса
A8: Кросс-докинг
